City,Country,Date,Lat,Lng,Cloudiness,Humidity,Max Temp,Wind Speed
Rikitea,PF,1562128612,-23.12,-134.97,100,81,64.82,19.98
Jawhar,IN,1562128683,19.91,73.23,100,69,86.06,8.3
Ushuaia,AR,1562128612,-54.81,-68.31,20,86,28.4,9.17
Zaoyang,CN,1562128683,32.12,112.76,100,29,95.42,8.9
Kapaa,US,1562128683,22.08,-159.32,75,74,80.6,10.29
Mataura,NZ,1562128630,-46.19,168.86,74,74,53.01,5.01
Rabaul,PG,1562128684,-4.2,152.17,3,72,83.72,4.07
Kamenka,MD,1562128684,48.03,28.7,53,82,64,1.01
Avarua,CK,1562128421,-21.21,-159.78,33,64,71.6,18.34
Magadan,RU,1562128684,59.56,150.8,68,89,46.28,10.71
Oktyabrskoye,RU,1562128684,56.73,85.44,20,83,71.6,4.47
Aykhal,RU,1562128685,65.95,111.51,0,50,51.8,8.95
Surt,LY,1562128685,31.21,16.59,0,73,76.34,10.38
Bethel,US,1562128510,60.79,-161.76,75,76,60.8,21.92
Nueva Loja,EC,1562128440,0.08,-76.88,12,99,67.52,2.04
Miyako,JP,1562128685,33.63,130.94,75,88,75,6.93
Mehamn,NO,1562128685,71.03,27.85,90,93,46.4,6.93
Cape Town,ZA,1562128460,-33.93,18.42,40,93,57.99,10.29
Hofn,IS,1562128686,64.25,-15.21,54,67,39.8,5.28
Ugoofaaru,MV,1562128686,5.67,73,95,69,83.54,7.9
Atuona,PF,1562128618,-9.8,-139.03,1,76,80.12,15.05
Vaini,IN,1562128622,15.34,74.49,75,94,73.4,9.17
Marawi,PH,1562128686,8,124.29,94,72,84.99,7
Barrow,AR,1562128687,-38.31,-60.23,23,70,41.24,13.98
Povolzhskiy,RU,1562128687,53.59,49.76,0,60,71.6,8.95
Narsaq,GL,1562128687,60.91,-46.05,75,81,44.6,2.24
Mitsamiouli,KM,1562128687,-11.38,43.28,20,57,78.8,6.93
Georgetown,GY,1562128574,6.8,-58.16,75,100,80.6,4.7
Nhulunbuy,AU,1562128688,-12.18,136.78,20,47,80.6,12.75
Albany,US,1562128378,42.65,-73.75,1,100,72,4.7
Port Elizabeth,US,1562128688,39.31,-74.98,1,94,75.99,3.36
Doctor Arroyo,MX,1562128688,23.67,-100.18,61,57,70.4,9.62
Torbay,CA,1562128509,47.66,-52.73,90,100,60.01,11.41
Nouakchott,MR,1562128689,18.08,-15.98,29,88,73.4,9.17
Kodiak,US,1562128689,39.95,-94.76,40,78,81,5.82
Pimentel,BR,1562128689,-3.7,-45.5,49,99,71.12,1.61
Umm Lajj,SA,1562128689,25.02,37.27,0,78,84.44,10.89
Lata,IN,1562128690,30.78,78.62,1,68,55.82,9.51
Busselton,AU,1562128623,-33.64,115.35,25,41,66.99,25.14
Nikolskoye,RU,1562128624,59.7,30.79,20,77,64,6.71
Saint-Philippe,CA,1562128637,45.36,-73.48,1,56,73.4,4.7
Port Lincoln,AU,1562128690,-34.72,135.86,52,75,59.06,8.95
Elizabeth City,US,1562128581,36.3,-76.22,1,74,82.99,8.05
Kieta,PG,1562128690,-6.22,155.63,3,76,83.36,11.25
Bandarbeyla,SO,1562128691,9.49,50.81,89,34,88.94,30.89
Tongchuan,CN,1562128691,34.9,108.95,0,62,86,2.24
Aksarka,RU,1562128691,66.56,67.8,0,39,81.56,14.61
Hermanus,ZA,1562128624,-34.42,19.24,59,85,61,8.99
Jamestown,AU,1562128633,-33.21,138.6,9,64,57.8,8.84
Sohna,IN,1562128692,28.25,77.07,40,50,97,12.75
Victoria,BN,1562128692,5.28,115.24,75,62,91.4,3.36
New Norfolk,AU,1562128638,-42.78,147.06,75,62,57.99,9.17
Novyy Urengoy,RU,1562128617,66.08,76.63,8,33,83,9.22
Airai,TL,1562128692,-8.93,125.41,87,48,85.88,3.6
Necochea,AR,1562128692,-38.55,-58.74,80,71,43.58,16.11
Saskylakh,RU,1562128613,71.97,114.09,53,46,55.64,2.28
Vardo,US,1562128620,39.62,-77.74,20,73,75.2,4.7
Amahai,ID,1562128693,-3.31,129,61,97,81,10.96
East London,ZA,1562128478,-33.02,27.91,0,36,62.6,12.75
Tual,ID,1562128693,-5.67,132.75,74,80,78.14,19.1
Lagoa,PT,1562128694,37.14,-8.45,0,77,64,4.7
Ambilobe,MG,1562128694,-13.19,49.05,0,59,80.3,4.59
Punta Arenas,CL,1562128694,-53.16,-70.91,75,86,33.8,16.11
Katsuura,JP,1562128694,33.93,134.5,75,94,77,4.7
Huilong,CN,1562128695,31.15,106.5,84,64,84.8,5.53
Port Blair,IN,1562128695,11.67,92.75,75,83,84.2,10.29
Mount Isa,AU,1562128695,-20.73,139.49,0,19,75.2,9.17
Mahebourg,MU,1562128695,-20.41,57.7,75,88,69.8,13.87
Naze,NG,1562128696,5.43,7.07,100,95,74.54,2.86
Praia da Vitoria,PT,1562128696,38.73,-27.07,75,88,69.8,8.28
Cabo San Lucas,MX,1562128410,22.89,-109.91,5,69,75.99,4.7
Puerto del Rosario,ES,1562128630,28.5,-13.86,75,60,71.6,18.34
Chuy,UY,1562128635,-33.69,-53.46,5,63,47.9,18.21
Charters Towers,AU,1562128698,-20.07,146.27,2,34,74.54,9.84
Constitucion,MX,1562128698,23.99,-104.67,100,62,63,5.01
San-Pedro,CI,1562128698,4.75,-6.64,100,98,72.38,2.66
Hobyo,SO,1562128699,5.35,48.53,29,48,83.9,21.81
Suba,CN,1562128699,28.73,103.51,100,95,65.72,1.1
Aklavik,CA,1562128627,68.22,-135.01,40,54,59,9.17
Isangel,VU,1562128619,-19.55,169.27,90,65,78.8,3.38
Onega,RU,1562128699,63.91,38.09,100,90,53.12,2.82
Faya,SA,1562128699,18.39,42.45,5,40,71.6,4.41
Ayan,IR,1562128700,38.23,44.7,0,38,59.24,8.19
Griffith,AU,1562128700,-34.29,146.06,0,58,59,13.87
Matay,EG,1562128700,28.42,30.79,0,31,85.7,10.22
Saint Pete Beach,US,1562128481,27.73,-82.74,40,65,84.99,4.7
Dromolaxia,CY,1562128700,34.88,33.59,20,57,81,4.7
Iquique,CL,1562128700,-20.22,-70.14,90,87,59,3.36
Mar del Plata,AR,1562128635,-46.43,-67.52,99,90,30.98,10.98
Port Moresby,PG,1562128701,-9.47,147.16,40,83,78.8,23.04
Hobart,AU,1562128528,-42.88,147.33,75,62,57.99,9.17
Ribeira Grande,PT,1562128701,38.52,-28.7,2,91,69.14,8.25
Jiazi,CN,1562128701,19.61,110.49,75,79,86,17.9
Port Alfred,ZA,1562128618,-33.59,26.89,21,57,64,4
Tuktoyaktuk,CA,1562128631,69.44,-133.03,75,81,48.2,13.87
Butaritari,KI,1562128615,3.07,172.79,15,67,84.8,5.03
Jaisalmer,IN,1562128702,26.91,70.91,0,30,103.34,18.77
Hurricane,US,1562128702,37.18,-113.29,1,10,87.8,6.93
Hasaki,JP,1562128620,35.73,140.83,75,74,82,8.05
Qaanaaq,GL,1562128623,77.48,-69.36,0,54,43.58,5.06
Yingcheng,CN,1562128632,30.93,113.57,0,70,87.8,4.47
Sfantu Gheorghe,RO,1562128702,44.65,26.83,0,73,77,4.7
Tabas,IR,1562128702,33.6,56.92,0,27,91.4,9.17
Bella Union,CO,1562128703,8.5,-73.35,100,90,68.6,4.54
Puerto Ayora,EC,1562128623,-0.74,-90.35,0,97,69.01,1.01
Bambous Virieux,MU,1562128614,-20.34,57.76,75,88,69.8,13.87
Faanui,PF,1562128703,-16.48,-151.75,100,74,77.42,35.57
Bredasdorp,ZA,1562128703,-34.53,20.04,38,76,61,6.93
Lebu,ET,1562128704,8.96,38.73,75,93,55.4,5.82
Leesburg,US,1562128618,39.12,-77.56,40,100,73,3.71
Carnarvon,ZA,1562128704,-30.97,22.13,0,55,40.7,5.08
Yellowknife,CA,1562128704,62.45,-114.38,75,81,51.8,9.17
Baruun-Urt,MN,1562128704,46.68,113.28,57,25,82.28,10.09
Gat,SN,1562128704,14.69,-16.54,40,88,75.2,3.36
Shebalino,RU,1562128705,51.29,85.68,6,33,73.46,3.98
Mpika,ZM,1562128705,-11.84,31.4,0,54,65.18,8.14
Leningradskiy,RU,1562128634,69.38,178.42,98,95,36.92,6.87
Flin Flon,CA,1562128705,54.77,-101.88,41,75,45.92,10.09
Hithadhoo,MV,1562128705,-0.6,73.08,53,76,83.9,12.06
Hualmay,PE,1562128692,-11.1,-77.61,82,84,62.48,18.95
Russell,US,1562128625,38.9,-98.86,1,69,75.2,4.7
Marzuq,YE,1562128706,14.4,46.47,35,20,89.48,2.35
Ponta Delgada,PT,1562128706,37.73,-25.67,75,100,68,6.93
Luanda,AO,1562128706,-8.83,13.24,75,83,71.6,2.24
Hilo,US,1562128555,19.71,-155.08,40,65,78.8,4.7
Kavieng,PG,1562128706,-2.57,150.8,29,77,83,11.45
Provideniya,RU,1562128628,64.42,-173.23,90,93,48.2,11.18
Keti Bandar,PK,1562128707,24.14,67.45,70,80,84.26,10.92
Cidreira,BR,1562128707,-30.17,-50.22,66,68,55.46,8.68
Te Anau,NZ,1562128707,-45.41,167.72,91,74,44.48,15.17
Megion,RU,1562128707,61.04,76.11,0,61,78.8,8.95
Cockburn Town,TC,1562128707,21.46,-71.14,0,78,81.38,12.08
Novonukutskiy,RU,1562128708,53.7,102.71,60,42,81.38,6.42
Mkushi,ZM,1562128708,-13.61,29.4,20,66,63.74,9.35
Barra do Corda,BR,1562128708,-5.5,-45.25,4,90,69.14,0.85
Bayji,IQ,1562128708,34.93,43.49,0,12,95.24,12.41
Pevek,RU,1562128626,69.7,170.27,28,97,34.94,15.01
Nome,US,1562128708,30.04,-94.42,1,100,77,6.78
Dubbo,AU,1562128709,-32.25,148.6,0,30,69.8,17.22
Tiksi,RU,1562128334,71.64,128.87,100,88,38.9,9.95
San Quintin,PH,1562128628,17.54,120.52,100,70,86.42,11.68
Seydi,NE,1562128709,13.34,7.75,45,58,83.9,11.18
Arraial do Cabo,BR,1562128709,-22.97,-42.02,0,100,66.2,5.82
Havre-Saint-Pierre,CA,1562128636,50.23,-63.6,90,87,51.8,2.24
Maceio,BR,1562128710,-9.67,-35.74,0,94,71.6,1.61
Fairview Heights,US,1562128710,38.59,-89.99,1,88,82.4,5.82
Chifeng,CN,1562128710,42.27,118.96,36,25,83.72,11.54
Marina,CA,1562128710,56.5,-119.2,96,78,52.4,3.8
Husavik,CA,1562128710,50.56,-96.99,9,77,57.99,1.01
Taltal,CL,1562128710,-25.41,-70.49,5,84,47.72,1.41
Kjollefjord,NO,1562128711,70.95,27.35,90,93,46.4,6.93
Kosh-Agach,RU,1562128711,49.99,88.66,0,31,61.94,0.76
Raudeberg,NO,1562128711,61.99,5.14,40,70,46.4,12.75
Cherskiy,RU,1562128385,68.75,161.3,75,61,48.8,18.19
Vila Franca do Campo,PT,1562128711,37.72,-25.43,75,100,68,6.93
Miri,NG,1562128711,10.31,9.75,100,87,72.56,2.71
Khatanga,RU,1562128616,71.98,102.47,100,47,60.86,9.06
Vaitape,PF,1562128712,-16.52,-151.75,100,74,77.42,35.57
Buriti,BR,1562128712,-22.93,-45.39,0,87,60.8,5.82
Pacific Grove,US,1562128712,36.62,-121.92,90,82,61,8.05
Nizhniy Tsasuchey,RU,1562128712,50.52,115.13,26,27,84.98,8.46
Kirakira,SB,1562128713,-10.46,161.92,100,86,79.04,9.06
Davila,PH,1562128713,18.47,120.58,75,59,91.4,12.75
Clyde River,CA,1562128713,70.47,-68.59,90,86,32,11.41
Ariquemes,BR,1562128713,-9.91,-63.03,3,73,70.76,1.12
Dinghai,CN,1562128713,26.28,119.79,75,88,80.6,6.71
Sistranda,NO,1562128714,63.73,8.83,75,87,46.99,18.34
Tasiilaq,GL,1562128612,65.61,-37.64,100,76,41.24,13.2
Urucara,BR,1562128523,-2.54,-57.76,100,95,72.56,3.27
Tobane,BW,1562128714,-21.91,28.04,0,64,39.2,2.77
Nemuro,JP,1562128714,43.32,145.57,75,77,68,9.17
Upernavik,GL,1562128628,72.79,-56.15,85,80,39.8,8.95
Longyearbyen,NO,1562128614,78.22,15.63,75,81,42.8,4.21
Tautira,PF,1562128715,-17.73,-149.15,75,61,77,5.82
San Ramon,NI,1562128715,12.92,-85.84,19,98,66.26,4.16
Camacha,PT,1562128715,33.08,-16.33,40,68,68,12.75
Okato,NZ,1562128715,-39.19,173.88,100,93,61,10
San Rafael,AR,1562128716,-34.61,-68.33,1,52,38.9,6.31
Turukhansk,RU,1562128716,65.8,87.96,0,45,83.9,8.43
Santa Cruz,BR,1562128716,-6.22,-36.02,86,90,68.6,4.85
Rio Grande,BR,1562128716,-32.03,-52.1,3,83,46.64,7.78
Roebourne,AU,1562128717,-20.77,117.15,0,17,84.62,13.02
Bubaque,GW,1562128717,11.28,-15.83,90,87,79.76,12.46
Castro,CL,1562128617,-42.48,-73.76,90,100,41,9.17
College,US,1562128717,64.86,-147.8,90,46,69.8,6.93
Evensk,RU,1562128633,61.92,159.24,95,86,50.42,11.74
Tateyama,JP,1562128717,36.66,137.31,90,65,82.99,6.93
Anadyr,RU,1562128718,64.73,177.51,40,59,64.4,4.47
Japura,ID,1562128718,-0.42,102.29,94,59,89.3,4.14
Kahului,US,1562128718,20.89,-156.47,40,58,84.2,14.99
Naples,IT,1562128700,40.84,14.25,0,83,79,3.36
Alice Springs,AU,1562128718,-23.7,133.88,0,22,64.4,8.05
Gummersbach,DE,1562128719,51.03,7.56,0,81,61,2.24
Marsa Matruh,EG,1562128719,31.35,27.25,0,88,73.4,1.92
Atar,MR,1562128720,20.52,-13.05,0,24,87.5,14.34
Rena,ES,1562128720,39.05,-5.81,0,80,62.01,1.59
Makakilo City,US,1562128720,21.35,-158.09,90,83,84.2,6.93
Sao Borja,BR,1562128632,-28.66,-56,50,84,47.9,9.01
Iqaluit,CA,1562128624,63.75,-68.52,20,80,39.2,4.7
Nishihara,JP,1562128720,35.74,139.53,75,57,86,5.82
Dikson,RU,1562128721,73.51,80.55,100,88,38.36,14.27
Jablonne nad Orlici,CZ,1562128721,50.03,16.6,0,81,55,2.24
Coquimbo,CL,1562128615,-29.95,-71.34,0,93,48.99,3.36
Krasnyy Chikoy,RU,1562128721,50.36,108.75,79,31,84.62,5.3
Quelimane,MZ,1562128722,-17.88,36.89,0,94,71.6,3.36
Angoche,MZ,1562128722,-16.23,39.91,7,83,74.54,4.14
Ilulissat,GL,1562128625,69.22,-51.1,36,86,39.2,4.7
Hamilton,CA,1562128438,43.26,-79.87,75,100,72,4.7
Bluff,AU,1562128622,-23.58,149.07,0,44,73.46,14.14
Srednekolymsk,RU,1562128722,67.46,153.71,72,39,65.36,13.33
Aneho,TG,1562128723,6.23,1.6,40,94,78.8,3.36
Caronport,CA,1562128723,50.46,-105.81,19,66,59,4
Petropavlovsk-Kamchatskiy,RU,1562128614,53.05,158.65,90,76,57.2,17.9
Egvekinot,RU,1562128723,66.32,-179.17,100,57,57.98,2.42
Ahipara,NZ,1562128723,-35.17,173.16,78,87,62.3,12.84
Severo-Kurilsk,RU,1562128723,50.68,156.12,100,97,43.22,8.43
Sonta,IN,1562128724,17.61,77.11,100,71,79.4,17.6
Sioux Lookout,CA,1562128724,50.1,-91.92,20,82,69.8,4.7
Dongsheng,CN,1562128724,29.72,112.52,54,53,90.74,6.55
Gilbues,BR,1562128725,-9.83,-45.34,10,54,66.8,3.24
Venado Tuerto,AR,1562128725,-33.75,-61.97,9,80,37,5.01
Kununurra,AU,1562128725,-15.77,128.74,20,14,86,10.29
Djibo,BF,1562128725,14.1,-1.63,75,47,88.04,17.16
Irsha,RU,1562128725,55.93,94.8,33,52,76.34,4.85
Cabedelo,BR,1562128726,-6.97,-34.84,75,100,73.4,3.36
Port Hardy,CA,1562128613,50.7,-127.42,75,87,57.2,8.05
Thompson,CA,1562128726,55.74,-97.86,90,87,51.8,9.17
Biak,ID,1562128727,-0.91,122.88,82,98,66.08,0.47
Poykovskiy,RU,1562128727,61.23,73.33,0,61,80.6,11.18
Bundaberg,AU,1562128727,-24.87,152.35,75,53,75.2,13.87
Wanning,AT,1562128727,48.64,13.53,40,55,63,4.7
Yudong,CN,1562128728,32.02,121.36,88,69,82.99,9.1
Paamiut,GL,1562128728,61.99,-49.67,0,86,40.16,16.78
Fortuna,US,1562128628,40.6,-124.16,1,93,59,9.17
Kamaishi,JP,1562128728,39.28,141.86,40,51,82.4,12.75
Insar,RU,1562128728,53.87,44.37,0,70,66.26,10.33
Shelburne,CA,1562128729,44.08,-80.2,75,93,71.6,2.24
Buraydah,SA,1562128605,26.33,43.97,0,37,82.4,4.7
Manggar,ID,1562128729,-2.88,108.27,22,55,89.3,8.9
Nyagan,RU,1562128729,62.14,65.43,0,38,81.2,13.49
Benjamin Constant,BR,1562128729,-4.38,-70.03,0,100,73.4,2.24
Boda,CF,1562128729,4.32,17.47,54,90,71.3,1.07
Sitka,US,1562128730,37.17,-99.65,73,79,72,5.5
Honningsvag,NO,1562128615,70.98,25.97,75,87,46.4,8.05
Sovetsk,RU,1562128730,55.08,21.89,24,87,56.72,11.59
Darab,IR,1562128730,28.75,54.55,0,20,86.78,6.73
Kaeo,NZ,1562128730,-35.1,173.78,54,92,63,7
Harur,IN,1562128730,12.06,78.48,20,55,89.6,5.82
Zhigansk,RU,1562128731,66.77,123.37,73,48,56.54,23.96
Port Augusta,AU,1562128731,-32.49,137.76,1,67,61,6.93
Norman Wells,CA,1562128731,65.28,-126.83,75,82,57.2,12.75
Saint-Augustin,CA,1562128731,45.63,-73.98,5,60,73.4,4.7
Ostrovnoy,RU,1562128731,68.05,39.51,100,93,50.24,6.91
Bilibino,RU,1562128732,68.06,166.44,97,55,56.18,5.44
Gaborone,BW,1562128732,-24.66,25.91,0,31,32,3.36
Rio Gallegos,AR,1562128732,-51.62,-69.22,75,100,30.2,2.24
Dali,CN,1562128732,34.79,109.94,100,20,94.7,7.47
Sao Filipe,CV,1562128732,14.9,-24.5,86,82,73.46,15.52
Avera,US,1562128732,33.19,-82.53,1,83,82.4,6.76
Istria,RO,1562128733,44.57,28.71,0,69,75.2,3.36
Olga,US,1562128733,34.11,-118.17,1,64,72,3.15
Hay River,CA,1562128733,60.82,-115.79,75,81,51.8,4.65
Bilma,NE,1562128621,18.69,12.92,0,19,90.56,6.46
Guerrero Negro,MX,1562128733,27.97,-114.04,0,82,67.16,16.51
Kendari,ID,1562128733,-3.99,122.52,71,90,79.22,4.97
Kyabram,AU,1562128734,-36.31,145.05,0,41,60.01,6.93
Gayny,RU,1562128734,60.3,54.33,100,99,58.34,4.59
Auki,NG,1562128734,12.18,6.51,100,80,76.52,8.84
Pisco,PE,1562128734,-13.71,-76.2,75,87,61,3.36
Vestmanna,FO,1562128735,62.16,-7.17,16,93,44.6,1.12
Saint-Georges,CA,1562128735,46.12,-70.67,4,90,61,2.8
Mounana,GA,1562128735,-1.38,13.16,51,90,68.6,2.64
Kupang,ID,1562128735,-10.16,123.6,0,45,87.8,19.46
Wanaka,NZ,1562128735,-44.7,169.14,41,90,33.86,6.17
Alofi,NU,1562128621,-19.06,-169.92,62,88,73.4,17.22
Gobabis,NA,1562128736,-22.45,18.97,0,37,32,8.03
Ponta do Sol,BR,1562128618,-20.63,-46,10,65,59.6,3.69
Kaitangata,NZ,1562128736,-46.28,169.85,46,48,55,8.01
Tura,RU,1562128563,64.27,100.22,34,23,72.56,8.37
Juneau,US,1562128504,58.3,-134.42,90,72,66.2,6.93
Sinnamary,GF,1562128736,5.38,-52.96,97,85,77.06,6.26
Klaksvik,FO,1562128736,62.23,-6.59,28,93,44.6,1.12
Port Hedland,AU,1562128737,-20.31,118.58,0,16,86,11.41
Mareeba,AU,1562128737,-16.99,145.42,75,57,78.8,13.87
Goderich,CA,1562128737,43.74,-81.71,70,94,69.01,2.73
Englehart,CA,1562128737,47.82,-79.87,1,82,62.6,3.36
Nanakuli,US,1562128610,21.39,-158.15,90,83,84.2,6.93
Pasinler,TR,1562128738,39.98,41.67,0,55,60.8,11.41
San Patricio,PY,1562128738,-26.98,-56.83,83,90,52.94,6.76
Sobolevo,RU,1562128738,54.43,31.9,15,82,54.2,16.15
Kloulklubed,PW,1562128738,7.04,134.26,75,79,84.2,10.29
Victoria,BN,1562128692,5.28,115.24,75,62,91.4,3.36
Tabou,CI,1562128612,4.42,-7.36,100,95,73.64,4.38
Elliot,ZA,1562128738,-31.33,27.85,0,50,41.06,6.96
Sur,OM,1562128739,22.57,59.53,0,58,89.84,16.55
Bratsk,RU,1562128739,56.15,101.63,70,57,78.8,4.47
Bathsheba,BB,1562128693,13.22,-59.52,40,74,80.6,13.87
Jaguarari,BR,1562128666,-10.26,-40.2,3,96,60.86,5.57
Cururupu,BR,1562128739,-1.82,-44.87,46,99,72.74,1.74
Salinopolis,BR,1562128739,-0.61,-47.36,5,78,81.92,14.43
Codrington,AU,1562128740,-28.95,153.24,75,68,69.8,14.99
Eisenach,DE,1562128740,50.98,10.32,0,87,54,6.93
Shenkursk,RU,1562128740,62.11,42.91,92,74,62.48,0.72
Talnakh,RU,1562128740,69.49,88.39,0,34,78.8,8.95
Acari,BR,1562128740,-6.44,-36.64,90,69,75.26,6.55
Gazli,UZ,1562128741,40.13,63.45,0,18,83.54,8.9
Hammerfest,NO,1562128741,70.66,23.68,75,87,44.6,8.05
Aksha,RU,1562128507,50.28,113.29,35,29,81.92,4.29
Voznesenye,RU,1562128741,61.02,35.48,84,79,60.86,3.33
jatara,IN,1562128741,25.01,79.05,91,39,97.4,10.22
Ancud,CL,1562128616,-41.87,-73.83,90,100,41,9.17
Vestmannaeyjar,IS,1562128632,63.44,-20.27,100,97,51.86,24.07
Kothapet,IN,1562128742,17.37,78.55,75,83,79,17.22
Vostok,RU,1562128742,46.45,135.83,70,80,70.4,3.78
Chipinge,ZW,1562128742,-20.19,32.62,3,78,62.3,1.92
Comodoro Rivadavia,AR,1562128742,-45.87,-67.48,75,75,37.4,8.05
Manzhouli,CN,1562128742,49.6,117.43,15,27,84.08,10.58
Barreirinha,BR,1562128743,-2.8,-57.07,91,97,71.84,2.24
Geraldton,CA,1562128616,49.72,-86.95,20,63,66.2,5.82
Vrangel,RU,1562128743,42.73,133.08,58,62,72.02,7.43
Yantal,RU,1562128743,56.85,105.25,71,40,82.64,10.31
Quesnel,CA,1562128716,52.98,-122.49,1,63,66.2,1.28
Ganzhou,CN,1562128744,25.86,114.93,100,85,82.1,1.83
Azua,DO,1562128744,18.45,-70.73,7,92,71.12,1.21
Cahors,FR,1562128744,44.45,1.44,3,96,64.99,1.12
Sohag,EG,1562128744,26.55,31.7,0,26,78.8,6.93
Dongying,CN,1562128744,37.43,118.67,0,24,96.32,7.83
Idritsa,RU,1562128745,56.33,28.9,92,81,53.66,14.52
Coronado,PA,1562128745,8.53,-79.9,40,78,82,6.93
Mangan,IN,1562128745,27.5,88.54,50,86,69.32,4.99
Ocos,GT,1562128745,14.51,-92.19,40,88,82.4,2.53
Marabba,SD,1562128745,12.35,32.18,95,63,81.56,16.82
Inhambane,MZ,1562128745,-23.87,35.38,0,75,64.46,2.46
Terrace,CA,1562128746,54.52,-128.61,75,53,73.4,24.16
Leh,IN,1562128746,34.16,77.58,0,56,42.32,4.43
Ucluelet,CA,1562128746,48.94,-125.55,3,92,57.99,11.01
Saint George,GR,1562128634,39.45,22.34,0,77,75.99,1.97
Mahibadhoo,MV,1562128747,3.78,72.97,100,68,83.54,7.87
The Valley,AI,1562128675,18.22,-63.06,20,74,82.4,10.29
Yumen,CN,1562128747,40.29,97.04,58,11,94.52,11.1
Xilagani,GR,1562128747,40.98,25.42,0,35,73.4,2.53
Atasu,KZ,1562128747,48.68,71.64,5,43,69.5,24.23
Sakaiminato,JP,1562128747,35.55,133.23,75,73,77,10.29
Toba,JP,1562128748,34.47,136.83,75,74,82.99,12.75
Cody,US,1562128748,44.53,-109.06,20,76,63,5.82
Orlat,RO,1562128748,45.76,23.97,0,77,68,3.36
Kutum,SD,1562128748,14.2,24.66,64,64,75.62,8.9
Kerchevskiy,RU,1562128748,59.95,56.29,100,97,60.14,8.25
Kruisfontein,ZA,1562128749,-34,24.73,54,61,54.74,6.08
Maumere,ID,1562128749,-8.63,122.22,100,69,80.66,6.38
Jodar,ES,1562128749,37.84,-3.35,0,73,68,3
Palmer,AU,1562128573,-34.85,139.16,40,58,61,8.05
Kurchum,KZ,1562128749,48.57,83.65,79,45,68.24,11.88
Bemidji,US,1562128750,47.48,-94.89,1,88,69.01,2.57
Shahreza,IR,1562128750,32.01,51.87,0,29,78.86,6.42
Tuatapere,NZ,1562128750,-46.13,167.69,86,74,53.01,5.01
Omsukchan,RU,1562128750,62.53,155.8,97,38,68.78,12.88
Redlands,US,1562128751,34.06,-117.19,1,52,77,4.7
Carutapera,BR,1562128751,-1.2,-46.02,0,90,76.16,4.83
Panaba,MX,1562128751,21.28,-88.27,0,84,78.5,6.76
Dauriya,RU,1562128751,49.93,116.85,9,25,85.7,11.99
Khuzhir,RU,1562128752,53.19,107.35,13,22,84.44,6.38
Dhankuta,NP,1562128695,26.98,87.34,1,68,81.74,6.73
Vilhena,BR,1562128752,-12.74,-60.15,3,66,67.7,4.52
Hovd,NO,1562128633,63.83,10.7,75,75,46.99,12.75
Ampanihy,MG,1562128753,-24.69,44.75,75,71,70.94,6.49
Laguna,BZ,1562128615,16.17,-88.94,40,78,82.4,2.42
Caluire-et-Cuire,FR,1562128753,45.8,4.84,0,56,72,5.82
Gerash,IR,1562128566,27.67,54.14,0,22,91.4,0.56
Bandundu,CD,1562128753,-3.32,17.38,20,63,74,5.79
Muros,ES,1562128753,42.77,-9.06,90,93,66.99,8.05
Chokurdakh,RU,1562128626,70.62,147.9,96,65,46.28,11.7
Tatarskaya Kargala,RU,1562128754,51.95,55.17,0,68,68,11.18
Gizo,IL,1562128754,31.8,34.94,20,73,75.99,3.36
Oksfjord,NO,1562128754,70.24,22.35,90,76,48.2,10.29
Buin,CL,1562128754,-33.73,-70.74,13,86,37.4,3.36
Ekhabi,RU,1562128755,53.51,142.97,100,73,57.26,15.88
La Rioja,AR,1562128755,-29.41,-66.86,0,65,40.16,3.44
Iwaki,JP,1562128755,37.05,140.89,75,61,79,8.05
Ornskoldsvik,SE,1562128755,63.29,18.72,90,50,46.4,16.11
Ormara,PK,1562128755,25.21,64.64,33,49,94.7,6.15
Darhan,MN,1562128756,49.49,105.92,76,46,77.42,5.68
Texas City,US,1562128621,29.38,-94.9,20,78,81,11.41
Dalnerechensk,RU,1562128756,45.93,133.72,98,79,72.56,8.01
North Bend,US,1562128756,43.41,-124.22,1,82,61,11.41
Portland,US,1562128696,43.66,-70.25,1,82,69.01,4.18
Thinadhoo,MV,1562128632,0.53,72.93,90,78,83.72,11.23
Kuruman,ZA,1562128757,-27.46,23.43,0,77,30.99,3.69
Youghal,IE,1562128757,51.95,-7.85,75,87,54,4.7
Paramonga,PE,1562128757,-10.68,-77.82,91,89,61.04,14.43
Gasa,BT,1562128758,27.91,89.73,66,65,52.94,9.13
Ketchikan,US,1562128375,55.34,-131.65,90,77,62.6,10.29
Morant Bay,JM,1562128758,17.88,-76.41,75,70,84.2,12.75
Imeni Poliny Osipenko,RU,1562128758,52.42,136.49,100,51,76.16,8.12
Nichinan,JP,1562128758,31.65,131.31,75,94,77,4.7
Dingle,PH,1562128758,11,122.67,6,57,89.48,3.98
Clacton-on-Sea,GB,1562128759,51.79,1.16,0,93,57.99,3.36
Chute-aux-Outardes,CA,1562128759,49.12,-68.38,90,100,57.2,3.36
Jalu,LY,1562128759,29.03,21.55,0,48,78.5,6.11
Vagay,RU,1562128759,57.94,69.02,100,79,62.66,8.75
Mwinilunga,ZM,1562128760,-11.73,24.43,0,51,56.9,8.32
Piuma,BR,1562128748,-20.84,-40.72,1,73,65.72,6.58
Karratha,AU,1562128760,-20.74,116.85,0,18,83.54,17.45
Bridlington,GB,1562128617,54.08,-0.19,0,93,51.01,3.36
Jackville,CI,1562128760,5.21,-4.42,40,94,78.8,5.82
Loikaw,MM,1562128761,19.67,97.21,88,80,74.18,6.69
Laela,TZ,1562128761,-8.57,32.05,0,72,61.04,4.76
Chapais,CA,1562128761,49.78,-74.86,1,76,57.2,3.36
Vanavara,RU,1562128761,60.35,102.28,33,34,77.06,10.54
Galveston,US,1562128762,40.58,-86.19,1,78,82.4,11.41
San Cristobal,HN,1562128762,14.68,-86.92,12,92,64.64,3.65
Seoul,KR,1562128405,37.57,126.98,75,51,82.4,2.24
Rantepao,ID,1562128684,-2.97,119.9,65,54,74.36,2.53
Prince Rupert,CA,1562128752,54.32,-130.32,90,93,55.4,2.24
Pasni,PK,1562128762,25.26,63.48,6,49,94.52,4.88
Sao Joao da Barra,BR,1562128637,-21.64,-41.05,0,80,66.44,4.41
Liku,ID,1562128763,-0.73,119.89,100,72,82.28,8.5
Fukue,JP,1562128763,35.03,136.69,75,74,82.99,12.75
Djambala,CG,1562128763,-2.55,14.76,42,78,68.24,4.94
Karasjok,NO,1562128763,69.47,25.52,75,100,44.6,11.41
Berlevag,NO,1562128764,70.86,29.09,90,93,46.4,6.93
Ulaanbaatar,MN,1562128751,47.92,106.92,40,48,66.2,24.61
Khasan,RU,1562128764,42.43,130.64,19,67,74.36,9.69
Xining,CN,1562128764,36.62,101.77,100,72,53.84,4.43
Yingkou,CN,1562128764,40.67,122.24,18,45,85.34,13.13
Manokwari,ID,1562128450,-0.87,134.08,69,78,78.86,5.66
Lavrentiya,RU,1562128764,65.58,-170.99,100,96,44.84,4.25
Linjiang,CN,1562128765,41.81,126.91,42,74,70.04,6.76
Touros,BR,1562128622,-5.2,-35.46,75,100,73.4,3.36
Guiyang,CN,1562128670,26.58,106.71,40,51,82.4,8.95
Kyzyl-Suu,KG,1562128765,42.34,78,0,52,69.32,6.24
Chistogorskiy,RU,1562128765,53.98,87.38,56,74,69.32,0.6
Oussouye,SN,1562128765,12.49,-16.54,40,100,73.4,2.24
Dornoch,GB,1562128766,57.88,-4.03,40,87,53.01,8.05
Mercedes,UY,1562128766,-33.25,-58.03,0,71,46,8.01
Abu Samrah,SY,1562128766,35.3,37.18,0,33,80.84,10.07
Logon,PH,1562128766,11.33,124.11,0,63,85.34,3.2
Am Timan,TD,1562128766,11.04,20.28,100,85,74.54,1.77
Tougan,BF,1562128767,13.07,-3.07,97,54,84.8,10.74
Vanimo,PG,1562128767,-2.67,141.3,86,73,81.92,8.34
San Martin,MX,1562128767,27.96,-110.94,46,70,82.99,5.01
Ahuimanu,US,1562128767,21.44,-157.84,75,78,84.2,6.93
Lorengau,PG,1562128767,-2.02,147.27,18,80,81.56,6.06
Saint-Pierre,FR,1562128768,48.95,4.24,0,87,55.4,9.17
Timbiras,BR,1562128768,-4.26,-43.94,100,99,71.12,1.77
Simpang,ID,1562128768,4.36,96.17,100,43,92.18,3.6
Mnogovershinnyy,RU,1562128768,53.94,139.92,72,50,69.14,13.11
Chandler,US,1562128471,33.31,-111.84,20,13,99,10.29
Vao,EE,1562128769,59.1,26.19,100,86,50.42,12.5
Sauce,UY,1562128769,-34.65,-56.06,0,49,48.99,21.92
Saint Anthony,US,1562128769,43.97,-111.68,1,45,68,6.93
Yenagoa,NG,1562128769,4.92,6.26,100,96,75.26,3.83
Sibolga,ID,1562128770,1.74,98.78,100,71,82.46,2.64
Karachi,PK,1562128743,24.87,67.03,40,59,89.6,11.41
Praya,ID,1562128770,-8.71,116.27,75,66,86,10.29
San Carlos de Bariloche,AR,1562128770,-41.13,-71.31,75,87,35.6,12.75
Harper,US,1562128771,30.3,-99.24,40,88,75.99,4.7
Baltoji Voke,LT,1562128771,54.6,25.2,75,76,54,14.99
Pedernales,EC,1562128771,0.07,-80.05,100,86,73.64,12.15
Itoman,JP,1562128771,26.12,127.67,75,79,87.8,14.99
Gornopravdinsk,RU,1562128771,60.06,69.92,6,42,80.3,12.08
Altay,CN,1562128772,47.83,88.13,19,30,66.8,8.21
Nabire,ID,1562128625,-3.36,135.5,97,93,76.88,2.98
Warwick,US,1562128767,41.7,-71.42,1,82,71.01,3.36
Jackson,US,1562128751,43.48,-110.76,1,44,64.4,8.05
Dedougou,BF,1562128772,12.47,-3.47,100,67,81.56,8.99
Misratah,LY,1562128772,32.38,15.09,0,68,77.42,7.99
Kolyvan,RU,1562128773,55.31,82.74,0,69,75.2,4.47
Kurilsk,RU,1562128773,45.23,147.88,100,96,51.68,6.89
Duldurga,RU,1562128773,50.67,113.59,52,30,80.84,3.91
Lompoc,US,1562128636,34.64,-120.46,90,87,64.4,12.75
Ponnampet,IN,1562128773,12.15,75.93,75,94,82.4,3.36
Kisanga,CD,1562128774,-11.72,27.4,0,82,57.2,9.17
Dunmore Town,BS,1562128774,25.5,-76.65,21,74,82.82,4.63
Pokhara,NP,1562128774,28.21,83.99,51,81,67.34,4.36
Moose Factory,CA,1562128774,51.26,-80.61,75,68,68,5.82
Tezu,IN,1562128775,27.93,96.16,100,68,87.5,1.25
Bani Walid,LY,1562128775,31.76,14,0,65,70.22,6.35
Santa Rosa,AR,1562128775,-36.62,-64.29,88,39,42.5,7.92
The Pas,CA,1562128775,53.82,-101.24,90,87,53.6,9.17
Amapa,HN,1562128776,15.09,-87.97,20,83,82.4,8.05
Bulgan,MN,1562128776,48.81,103.53,62,58,72.2,9.04
Vuktyl,RU,1562128776,63.86,57.31,64,46,75.62,19.33
Zarand,IR,1562128776,30.81,56.57,40,22,77,6.93
Salima,MW,1562128777,-13.78,34.45,0,57,67.88,7.11
Sao Miguel do Araguaia,BR,1562128777,-13.28,-50.16,0,62,63.38,2.3
Bondo,CD,1562128777,3.81,23.69,100,89,73.1,2.06
Lalibela,ET,1562128777,12.04,39.05,24,51,68.96,3.78
Albina,GF,1562128778,5.5,-54.06,66,99,71.3,1.81
Waipawa,NZ,1562128778,-39.94,176.59,100,90,55.99,9.31
Rawson,AR,1562128778,-43.3,-65.11,49,78,34.22,14.34
Souillac,FR,1562128778,45.6,-0.6,0,56,69.8,9.17
Tomatlan,MX,1562128778,19.93,-105.25,0,72,78.68,6.71
Ajdabiya,LY,1562128779,30.75,20.22,0,78,74.36,7.92
Kungurtug,RU,1562128779,50.6,97.53,98,46,66.08,5.08
Horta,BR,1562128779,-10.93,-37.66,20,94,71.6,3.36
Bara,NG,1562128779,10.41,10.6,82,81,76.34,4.05
Monrovia,LR,1562128613,6.33,-10.8,89,90,76.7,6.93
Labytnangi,RU,1562128780,66.66,66.39,0,44,74,12.75
Yarmouth,CA,1562128780,43.84,-66.12,40,100,55.99,6.93
Highland Springs,US,1562128780,37.55,-77.33,1,88,78.01,5.53
Namatanai,PG,1562128780,-3.66,152.44,75,83,79.76,14.52
Flinders,AU,1562128780,-34.58,150.85,75,66,64,6.93
Vryburg,ZA,1562128781,-26.96,24.73,0,45,38.36,5.23
Ubatuba,BR,1562128781,-23.43,-45.08,0,93,57.2,1.12
Rome,IT,1562128527,41.89,12.48,0,60,78.01,3.36
Ayagoz,KZ,1562128781,47.96,80.43,92,40,77.6,19.1
Colotlan,MX,1562128781,22.1,-103.27,64,78,62.3,0.96
Esperance,AU,1562128781,-33.86,121.89,0,59,64.4,16.11
Severobaykalsk,RU,1562128782,55.65,109.32,59,58,65.54,8.77
Assomada,CV,1562128782,15.1,-23.68,75,78,75.2,14.99
Rupert,US,1562128782,42.62,-113.68,1,43,69.8,10.29
Medyn,RU,1562128782,54.97,35.86,0,77,60.8,11.18
Bambanglipuro,ID,1562128783,-7.95,110.28,31,88,76.88,16.8
Kropotkin,RU,1562128783,45.43,40.58,0,50,77.96,7.43
Marrakesh,MA,1562128783,31.63,-7.99,0,72,62.6,3.36
Owando,CG,1562128783,-0.49,15.91,88,85,73.82,4.03
Mount Gambier,AU,1562128783,-37.83,140.78,90,71,57.2,1.12
Teocaltiche,MX,1562128783,21.43,-102.58,75,72,64.4,5.82
Havoysund,NO,1562128784,71,24.66,75,87,46.4,8.05
Palencia,ES,1562128784,42.01,-4.53,0,81,62.01,13.85
Mosquera,CO,1562128784,4.71,-74.23,40,76,55.4,4.7
Jacobabad,PK,1562128784,28.29,68.44,1,22,111.26,9.78
Kenai,US,1562128785,60.55,-151.26,1,63,70,8.05
Berdigestyakh,RU,1562128785,62.1,126.7,40,35,65.54,12.39
Korgen,NO,1562128785,66.08,13.83,89,86,46.4,1.12
Bilaspur,IN,1562128785,22.08,82.15,99,81,81.02,12.53
Erenhot,CN,1562128785,43.65,111.97,1,16,84.8,7.74
Mandan,US,1562128786,46.83,-100.89,75,100,64,13.87
Khorinsk,RU,1562128786,52.16,109.78,0,24,82.64,9.42
Bronderslev,DK,1562128786,57.27,9.94,1,73,54,4
Ladovskaya Balka,RU,1562128786,45.63,41.4,0,45,81.56,10.67
Gannan,CN,1562128787,47.92,123.49,3,40,78.68,3.22
Fairbanks,US,1562128720,64.84,-147.72,90,46,69.8,6.93
Knysna,ZA,1562128787,-34.04,23.05,0,58,59,2.24
Hambantota,LK,1562128787,6.12,81.12,40,79,87.8,12.75
Adelaide,AU,1562128688,-34.93,138.6,40,58,61,8.05
Namibe,AO,1562128788,-15.19,12.15,0,82,69.14,8.01
Miedzyrzecz,PL,1562128788,52.44,15.58,0,62,53.6,8.05
Ternate,PH,1562128788,14.29,120.72,20,63,91.4,13.87
Mizdah,LY,1562128788,31.45,12.98,0,58,72.02,10.89
Samarai,PG,1562128788,-10.62,150.67,95,82,74.72,7.23
Camalu,MX,1562128789,30.85,-116.07,0,93,62.84,10.49
Deputatskiy,RU,1562128789,69.3,139.9,100,71,45.2,9.66
Udachnyy,RU,1562128789,66.42,112.4,0,50,51.8,8.95
Dawei,MM,1562128789,14.07,98.19,100,76,83,13.94
Noumea,NC,1562128789,-22.28,166.46,75,61,78.8,8.05
Ruteng,ID,1562128638,-8.61,120.46,53,68,79.76,3.09
Srandakan,ID,1562128790,-7.94,110.25,31,88,76.88,16.8
Westport,US,1562128736,41.14,-73.36,1,78,78.01,3.09
El Dorado,TT,1562128790,10.65,-61.37,20,88,78.01,7.11
Plettenberg Bay,ZA,1562128790,-34.05,23.37,53,56,56.18,4.5
Clearwater,US,1562128568,27.97,-82.8,40,65,84.99,4.7
Tabuk,PH,1562128791,17.41,121.44,100,88,75.98,2.19
Matamoros,US,1562128791,25.87,-97.51,1,83,82.99,11.41
Basco,US,1562128791,40.33,-91.2,1,83,82,4.7
Rodino,RU,1562128791,52.5,80.2,96,43,75.44,8.81
Peebles,GB,1562128792,55.65,-3.19,0,93,48.99,5.82
Yatou,CM,1562128792,3.63,9.81,75,94,77,1.12
Lasa,CY,1562128636,34.92,32.53,0,60,78.8,8.05
Meybod,IR,1562128792,32.25,54.02,75,32,80.6,9.17
Shingu,JP,1562128635,33.72,135.99,75,100,75.2,4.7
Chino Valley,US,1562128793,34.76,-112.45,1,25,78.8,5.82
Saint-Felicien,CA,1562128672,48.65,-72.45,20,72,63,8.05
Marystown,CA,1562128793,47.17,-55.16,100,98,54.38,2.08
La Victoria,VE,1562128794,10.23,-67.33,20,83,71.6,1.12
Bandiagara,ML,1562128794,14.35,-3.61,0,51,86,9.17
Zhanaozen,KZ,1562128794,43.35,52.85,0,34,82.46,16.08
Palana,RU,1562128794,59.08,159.95,17,89,46.82,14.83
Odemira,PT,1562128795,37.6,-8.64,58,95,64,3
Shache,CN,1562128795,38.42,77.24,0,14,96.14,11.65
Nara,JP,1562128641,34.68,135.8,75,74,81,3.36
Luderitz,NA,1562128795,-26.65,15.16,0,71,53.6,6.93
Batemans Bay,AU,1562128795,-35.71,150.18,6,55,62.01,3
Canarana,BR,1562128796,-11.69,-41.77,1,94,60.86,4.63
San Jose,HN,1562128796,14.25,-87.96,1,83,75.2,9.17
Qaqortoq,GL,1562128796,60.72,-46.03,75,81,44.6,2.24
Oneida,US,1562128796,41.07,-90.23,90,83,78.01,10.29
Madhupur,IN,1562128796,24.26,86.65,42,52,92.72,14.18
Sambava,MG,1562128797,-14.27,50.17,34,70,75.62,4.09
Jiangkou,CN,1562128797,30.7,117.56,98,78,83.54,10.96
Bay Roberts,CA,1562128643,47.58,-53.28,90,100,60.01,11.41
Iisalmi,FI,1562128797,63.56,27.19,90,93,51.8,9.17
Wasilla,US,1562128792,61.58,-149.44,1,41,78.8,3.36
Bereznik,RU,1562128797,62.86,42.71,97,68,61.22,1.66
Yeppoon,AU,1562128798,-23.13,150.74,0,34,78.8,8.05
Peleduy,RU,1562128798,59.63,112.75,2,27,67.7,11.52
Cap Malheureux,MU,1562128798,-19.98,57.61,75,88,69.8,13.87
Kuryk,KZ,1562128798,43.18,51.68,0,32,85.16,15.79
Yar-Sale,RU,1562128609,66.83,70.83,0,38,81.92,12.84
Huasahuasi,PE,1562128798,-11.27,-75.65,0,69,32.78,2.19
Tupelo,US,1562128799,34.26,-88.7,1,78,80.6,1.63
Sunam,IN,1562128799,30.13,75.81,15,12,110.9,5.48
Lixourion,GR,1562128799,38.2,20.43,20,100,82,1.79
Sao Jose da Coroa Grande,BR,1562128800,-8.9,-35.15,17,95,70.04,2.19
Bireun,ID,1562128545,5.2,96.7,100,42,85.88,2.06
Dvinskoy,RU,1562128800,62.16,45.12,100,75,59.96,2.51
Kavaratti,IN,1562128632,10.57,72.64,40,79,86,9.17
Oranjemund,ZA,1562128800,-28.55,16.43,0,69,57.08,15.14
Terney,RU,1562128801,45.05,136.61,74,72,61.22,5.95
Port-Gentil,GA,1562128801,-0.72,8.78,100,82,74,12.82
Chiredzi,ZW,1562128801,-21.05,31.67,0,59,60.32,2.04
Lokosovo,RU,1562128801,61.13,74.84,17,39,86.96,16.2
Dzaoudzi,YT,1562128801,-12.79,45.27,20,78,78.8,18.34
Rocha,UY,1562128802,-34.48,-54.34,0,67,42.32,13.65
Lianran,CN,1562128802,24.92,102.47,13,95,82,4
Shakiso,ET,1562128802,5.77,38.9,100,87,57.62,1.66
Wajima,JP,1562128802,37.4,136.9,75,78,77,5.82
Kaduna,NG,1562128776,10.52,7.44,100,92,72.92,7.29
Henties Bay,NA,1562128803,-22.12,14.28,0,64,59.96,1.66
Olinda,AU,1562128803,-37.84,145.39,90,71,57.99,8.05
Port Macquarie,AU,1562128803,-31.43,152.91,75,56,72,6.93
San Jose de Guanipa,VE,1562128803,8.89,-64.17,39,78,73.28,9.75
Khash,IR,1562128804,28.22,61.21,0,12,88.04,1.61
Dwarka,IN,1562128804,28.58,77.04,40,50,97,12.75
Hirara,JP,1562128804,24.8,125.28,75,84,86,19.46
Ganganagar,IN,1562128804,16.78,77.13,100,75,78.86,10.8
Dubasari,MD,1562128805,47.26,29.16,0,94,73,8.41
Hami,CN,1562128805,42.84,93.51,24,13,98.12,10.71
Arlit,NE,1562128805,18.74,7.39,48,26,91.1,10.4
Tessalit,ML,1562128806,20.2,1.01,37,35,88.4,20.27
Mogadishu,SO,1562128806,2.04,45.34,40,74,78.8,16.11
Kitab,UZ,1562128806,39.12,66.88,30,36,77,4.7
Lahij,YE,1562128806,13.06,44.88,42,36,95.6,5.53
Concepcion del Uruguay,AR,1562128802,-32.48,-58.24,12,73,46,3
Arieseni,RO,1562128807,46.48,22.77,82,88,70.4,2.01
Yulara,AU,1562128631,-25.24,130.99,0,19,69.8,10.29
Teya,MX,1562128807,21.05,-89.07,40,78,81,6.93
Tam Ky,VN,1562128807,15.57,108.48,75,59,91.4,9.17
Darnah,LY,1562128808,32.77,22.64,0,78,75.44,7.45
Sakskobing,DK,1562128808,54.8,11.63,34,87,55,3
Ixtapa,MX,1562128808,20.71,-105.21,40,66,84.2,4.7
Opuwo,NA,1562128616,-18.06,13.84,0,32,47.54,8.86
Christchurch,NZ,1562128809,-43.53,172.64,50,55,66.2,2.24
Saint-Paul,FR,1562128809,45.22,1.9,0,100,66,1.12
Grand-Santi,GF,1562128809,4.27,-54.38,100,99,71.48,1.59
Nova Praha,UA,1562128809,48.57,32.9,0,82,68,8.19
Bourail,NC,1562128809,-21.57,165.5,16,78,68.96,2.8
Mayumba,GA,1562128810,-3.44,10.65,54,88,70.04,5.14
Ocampo,MX,1562128810,27.32,-102.4,0,53,72.92,4.32
Requena,ES,1562128810,39.49,-1.1,0,68,72,4.7
Lipin Bor,RU,1562128810,60.26,37.97,77,71,62.12,3.06
Mende,FR,1562128810,44.52,3.5,26,94,60.86,3.56
Raisen,IN,1562128811,23.33,77.78,93,65,85.16,9.73
Pasighat,IN,1562128811,28.06,95.33,76,79,82.82,2.77
Agadir,MA,1562128811,30.42,-9.58,10,87,59,6.53
Karak,JO,1562128811,31.18,35.7,0,77,62.6,0.72
Shenjiamen,CN,1562128812,29.96,122.3,100,94,75.62,8.97
Burnie,AU,1562128812,-41.05,145.91,1,52,54,1.99
Mahajanga,MG,1562128812,-15.72,46.32,20,88,68,2.24
Jalingo,NG,1562128813,10.3,10.93,82,81,76.34,4.05
Bagepalli,IN,1562128813,13.78,77.8,40,78,77,17.22
Popondetta,PG,1562128813,-8.77,148.24,81,91,70.04,4.03
Faranah,GN,1562128813,10.04,-10.74,96,98,71.12,5.19
Grindavik,IS,1562128814,63.84,-22.43,90,100,53.01,13.87
Kidal,ML,1562128814,18.44,1.41,0,43,85.88,19.17
Kaseda,JP,1562128633,31.42,130.32,75,100,77,12.75
Lapy,PL,1562128814,52.99,22.88,0,61,59,14
Kushiro,JP,1562128815,43.11,144.15,40,77,68,14.99
Tiarei,PF,1562128815,-17.53,-149.33,75,61,77,5.82
Ponnani,IN,1562128815,10.77,75.93,75,83,82.4,5.82
Joao Pinheiro,BR,1562128815,-17.74,-46.17,0,59,59.78,1.79
Amga,RU,1562128816,60.89,131.98,100,44,64.82,6.53
Beringovskiy,RU,1562128816,63.05,179.32,39,53,63.38,6.2
Ures,MX,1562128816,30.73,-112.95,0,77,81,5.01
Waingapu,ID,1562128816,-9.65,120.26,71,64,81.56,15.3
Yazykovo,RU,1562128817,54.3,47.38,0,65,66.62,10.42
Laohekou,CN,1562128817,32.39,111.67,76,25,89.01,5.41
Turayf,SA,1562128817,31.68,38.65,0,49,68,9.17
Chara,GR,1562128817,39.42,22.43,0,77,75.99,1.97
Shirokiy,RU,1562128817,53.87,39.17,0,65,66,3
Los Llanos de Aridane,ES,1562128818,28.66,-17.92,90,60,71.6,16.11
Itarema,BR,1562128818,-2.92,-39.92,4,94,71.66,4.52
Srikakulam,IN,1562128818,18.29,83.89,100,58,88.04,7.16
Iraquara,BR,1562128819,-12.24,-41.62,0,97,57.08,7.27
Churapcha,RU,1562128819,62,132.43,100,44,65.54,8.3
Khorramshahr,IR,1562128819,30.43,48.18,0,22,91.4,11.41
Pailon,BO,1562128819,-17.66,-62.72,75,94,71.6,12.75
Lubbock,US,1562128819,33.58,-101.86,75,53,77,5.82
Myrtle Beach,US,1562128820,33.7,-78.89,1,83,84.2,6.93
Pskov,RU,1562128820,57.82,28.33,100,93,55.4,8.95
Mazara del Vallo,IT,1562128820,37.65,12.59,0,88,78.01,4.7
Sao Roque,BR,1562128820,-29.32,-50.98,100,85,51.01,2.73
Lira,UG,1562128821,2.25,32.9,33,84,70.04,2.37
Goias,BR,1562128821,-15.93,-50.14,0,65,61.22,1.66
Meiktila,MM,1562128821,20.88,95.86,72,57,88.22,17.69
Hudson Bay,CA,1562128821,52.86,-102.4,67,84,48.98,7.83
Jiuquan,CN,1562128821,39.73,98.49,38,11,90.92,16.78
Alugan,PH,1562128822,12.22,125.48,98,52,90.92,6.55
Tornio,FI,1562128822,61.12,27.27,75,93,55.99,10.29
Tinskoy,RU,1562128822,56.15,96.92,62,45,81.38,3.09
Padang,ID,1562128477,-0.92,100.36,100,74,82.82,6.44
Bandipur,IN,1562128822,11.67,76.63,100,77,72.2,8.39
Floro,NO,1562128823,61.6,5.03,40,70,46.4,12.75
Suntar,RU,1562128823,62.16,117.65,100,53,54.2,9.4
Camargo,MX,1562128823,27.69,-105.17,83,42,77.96,12.68
Barrancas,CO,1562128823,10.96,-72.8,97,95,69.32,1.12
Nakhon Thai,TH,1562128823,17.1,100.84,75,100,77,8.05
Fort William,GB,1562128824,56.82,-5.11,99,93,50,4.43
Pascagoula,US,1562128824,30.37,-88.56,20,83,82.99,2.68
Piacabucu,BR,1562128824,-10.41,-36.43,40,88,73.64,4.54
Malmo,US,1562128824,46.33,-93.52,1,93,69.01,2.66
Cobija,BR,1562128824,-11.02,-68.77,81,70,75.62,4.72
Marsh Harbour,BS,1562128825,26.54,-77.06,72,75,82.82,7.11
Caravelas,BR,1562128825,-17.73,-39.27,0,89,71.84,10.38
Mananjary,MG,1562128825,-19.16,46.8,0,49,66.62,2.24
Merritt Island,US,1562128593,28.54,-80.67,1,65,84.99,2.19
Wenatchee,US,1562128578,47.42,-120.31,1,63,66.2,18.34
Poum,MK,1562128825,41.28,20.71,20,82,55.4,4.7
Belfast,GB,1562128630,54.6,-5.93,0,93,48.99,3.36
Iguape,BR,1562128826,-24.7,-47.56,100,81,68.24,4.32
Letterkenny,IE,1562128826,54.95,-7.73,8,87,48.62,2.01
Wexford,US,1562128826,40.63,-80.06,1,94,70,5.82
Mehndawal,IN,1562128826,26.98,83.11,24,37,101.72,18.23
Mayo,CA,1562128826,63.59,-135.9,90,43,69.8,3.36
Princeton,US,1562128630,40.35,-74.66,1,88,75.99,6.93
Yazd,IR,1562128827,31.89,54.36,75,32,80.6,9.17
Ballina,IE,1562128827,54.11,-9.15,4,94,48.99,7
Sabha,LY,1562128827,27.03,14.43,0,22,83.36,19.08
Jos,NG,1562128827,9.92,8.9,100,93,69.86,3.83
Mezen,RU,1562128828,65.85,44.24,89,60,68.6,5.59
Coxim,BR,1562128828,-18.5,-54.75,26,49,70.04,4.65
Ramanagaram,IN,1562128828,12.72,77.3,40,78,77,16.11
Okitipupa,NG,1562128828,6.5,4.78,100,95,75.98,0.67
Znamenskoye,RU,1562128829,57.13,73.82,92,44,77.06,8.84
Launceston,AU,1562128829,-41.43,147.14,0,53,55.99,4.7
Werda,BW,1562128829,-25.27,23.28,0,38,41.6,7.2
Sampit,ID,1562128829,-2.54,112.95,50,83,85.34,4.76
Progreso,UY,1562128829,-34.68,-56.22,0,49,48.99,21.92
Iberia,PE,1562128830,-11.41,-69.49,33,80,70.76,3.44
Porto de Moz,BR,1562128830,-1.75,-52.24,100,95,73.64,2.01
Fayaoue,NC,1562128596,-20.65,166.53,0,59,73.82,3.65
Amboasary,MG,1562128830,-25.04,46.38,40,77,68,6.93
Chernoyerkovskaya,RU,1562128831,45.43,37.76,0,88,71.6,4.47
Lander,US,1562128831,42.83,-108.73,1,52,68,6.93
Genhe,CN,1562128831,50.78,121.52,56,30,79.22,4.03
Dudinka,RU,1562128831,69.41,86.18,0,34,78.8,8.95
Gurupi,BR,1562128831,-11.73,-49.07,14,55,67.88,2.04
Tierralta,CO,1562128832,8.17,-76.06,100,98,71.66,2.51
Tazovskiy,RU,1562128832,67.47,78.7,7,48,63.74,2.93
Presidente Dutra,BR,1562128832,-11.3,-41.99,1,94,60.86,4.63
Kedrovyy,RU,1562128832,56.17,91.82,40,73,69.8,2.24
Orvault,FR,1562128832,47.27,-1.62,0,67,62.6,9.17
Cascais,PT,1562128833,38.7,-9.42,75,93,64.99,2.24
Buala,SB,1562128833,-8.15,159.59,10,80,81.38,8.46
Lyuban,BY,1562128833,52.8,28,0,73,57.08,16.28
Southampton,GB,1562128620,50.9,-1.4,67,76,57.99,4.7
Mabamba,TZ,1562128833,-3.6,30.5,0,56,65.36,4.47
Santo Domingo,DO,1562128792,18.48,-69.94,20,88,77,2.64
Gboko,NG,1562128834,7.32,9,98,93,75.26,8.3
Alberton,ZA,1562128834,-26.25,28.13,0,74,41,2.24
Qasigiannguit,GL,1562128834,68.82,-51.19,78,86,39.2,4.7
Igarka,RU,1562128834,67.47,86.57,0,42,82.64,10.85
Methoni,GR,1562128835,36.82,21.7,0,88,75,5.79
Springfield,US,1562128722,42.1,-72.59,1,93,71.01,3.31
Northam,AU,1562128835,-31.65,116.67,0,45,68,11.41
Puerto Ayacucho,CO,1562128835,5.66,-67.63,99,89,74.18,3.89
Lucea,JM,1562128836,18.44,-78.17,20,83,82.4,1.12
Tsiroanomandidy,MG,1562128836,-18.77,46.05,0,65,65.54,2.95
Diplo,PK,1562128836,24.47,69.59,32,40,97.94,11.59
Ravar,IR,1562128836,31.27,56.81,0,24,84.44,8.52
Benito Juarez,CU,1562128836,22.29,-79.63,20,88,75.2,1.12
Elbistan,TR,1562128837,38.2,37.19,0,25,72.56,4.76
Liverpool,GB,1562128604,53.41,-2.98,20,76,55,5.82
Serik,TR,1562128837,36.92,31.1,0,41,89.01,5.82
Traverse City,US,1562128804,44.76,-85.62,90,93,66.2,2.28
Karlstad,SE,1562128837,59.38,13.5,6,70,52,5.82
Sungaipenuh,ID,1562128838,-2.08,101.38,85,52,88.94,5.32
Naryan-Mar,RU,1562128838,67.67,53.09,94,58,70.76,21.85
Mocuba,MZ,1562128617,-16.84,36.99,72,91,69.86,3.4
Cooma,AU,1562128838,-36.24,149.13,0,60,50,3.36
Honiara,SB,1562128838,-9.43,159.96,40,79,86,9.17
Medea,DZ,1562128839,36.27,2.77,40,94,69.8,3.36
Komsomolskiy,RU,1562128621,67.55,63.78,0,35,78.68,15.79
Brae,GB,1562128839,60.4,-1.35,61,81,50,11.41
Gorin,BF,1562128839,12.34,-0.67,100,62,83.36,12.48
Sorong,ID,1562128839,-0.86,131.25,77,80,81.74,7.94
Bermeo,ES,1562128840,43.42,-2.72,75,93,66.2,0.67
Awjilah,LY,1562128840,29.14,21.3,0,53,76.52,7.81
Rondonopolis,BR,1562128840,-16.46,-54.64,0,53,66.98,6.08
Ostersund,SE,1562128560,63.18,14.64,40,75,42.01,16.11
Mariel,CU,1562128840,22.99,-82.75,20,94,77,3.51
Vilyuysk,RU,1562128841,63.75,121.63,100,47,55.46,14.76
Isiro,CD,1562128841,2.77,27.62,77,94,71.12,1.83
Bonavista,CA,1562128841,48.65,-53.11,100,81,51.01,5.01
Murgab,TM,1562128841,37.5,61.97,0,36,78.8,4.7
Kolochava,UA,1562128842,48.43,23.7,11,67,69.01,1.01
Nanortalik,GL,1562128842,60.14,-45.24,0,83,38.18,6.2
Toucheng,TW,1562128842,24.86,121.82,75,75,89.6,10.29
Kachiry,KZ,1562128842,53.07,76.1,100,52,71.48,16.46
Lerwick,GB,1562128843,60.15,-1.15,61,81,50,14.99
Duiwelskloof,ZA,1562128843,-23.69,30.14,0,23,51.32,5.79
Kampene,CD,1562128843,-3.59,26.67,0,56,73.82,0.76
Vaasa,FI,1562128843,63.1,21.62,0,62,53.01,10.29
Kang,BW,1562128843,-23.67,22.79,0,35,42.68,6.58
Tilichiki,RU,1562128844,60.47,166.1,59,63,59.06,11.63
Itaituba,BR,1562128844,-4.26,-55.99,35,84,73.28,1.39
Revda,RU,1562128844,67.94,34.55,100,83,53.66,3.47
Awbari,LY,1562128844,26.59,12.77,0,17,83.36,15.55
